date,actual,fitted_value,level,trend,season,residual
1958-03-01,316.1,316.0705577991073,315.5185384378148,0.08247364586541361,1.0018127897938987,0.029442200892731307
1958-04-01,317.2,317.1909229258148,315.60713169207685,0.08252784431332412,1.0050377241556911,0.009077074185199763
1958-05-01,317.43333333333334,317.6583047995914,315.538168236552,0.08118615824600915,1.0062360144012708,-0.22497146625806863
1958-06-01,316.5143442622951,316.97053252749134,315.3115683268551,0.07846024408781127,1.004281036995606,-0.45618826519626055
1958-07-01,315.625,315.32391575415465,315.5940797880081,0.0802674282313728,0.9997903775934585,0.3010842458453453
1958-08-01,314.95000000000005,313.71610725848643,316.51562611008933,0.08771823347108101,0.9937966452610999,1.233892741513614
1958-09-01,313.5,313.00556750960874,316.9422123342082,0.09071942536920863,0.9886363271322631,0.4944324903912616
1958-10-01,313.46311475409834,313.3387135324902,317.11821723529056,0.09147475808224828,0.9883475252662751,0.12440122160813871
1958-11-01,313.425,314.5379695362666,316.44916128096247,0.08473910090790181,0.9915774248878813,-1.1129695362665757
1958-12-01,314.7,314.9229067104822,316.38209078355715,0.0833945958230612,0.9949105177377696,-0.22290671048222066
1959-01-01,315.5,315.6972851582852,316.33148376538855,0.08220780754754722,0.9975725623912065,-0.19728515828518312
1959-02-01,316.7,316.251401391805,316.71780867337327,0.08490122741340513,0.9994870949473637,0.44859860819497044
1959-03-01,316.7333333333333,317.3770066199743,316.3673594243279,0.08104553623320125,1.0018127897938987,-0.6436732866409329
1959-04-01,317.675,318.04258473426086,316.20058561036774,0.07885071864486012,1.0050377241556911,-0.3675847342608449
1959-05-01,318.325,318.2517594487861,316.32875505591073,0.07928751104685036,1.0062360144012708,0.07324055121387119
1959-06-01,318.025,317.762597102894,316.58508341188667,0.08085547722867575,1.004281036995606,0.26240289710597153
1959-07-01,316.525,316.59955861293565,316.615408926415,0.0804079574898563,0.9997903775934585,-0.07455861293567523
1959-08-01,314.9,314.7312403874482,316.81087866796224,0.08142700474019415,0.9937966452610999,0.16875961255175298
1959-09-01,313.825,313.29124517673495,317.2581239147748,0.08466688213963836,0.9886363271322631,0.533754823265042
1959-10-01,313.4,313.64496194522366,317.1748527673682,0.08317953524476573,0.9883475252662751,-0.24496194522367887
1959-11-01,314.875,314.5859026956212,317.4555825245109,0.08492914317999742,0.9915774248878813,0.28909730437879944
1959-12-01,315.525,315.9243948660186,317.2685056161572,0.08252011553314294,0.9949105177377696,-0.39939486601861063
1960-01-01,316.38,316.5806759166401,317.2147210195024,0.08131292981721547,0.9975725623912065,-0.20067591664007978
1960-02-01,316.975,317.1332912103255,317.18872406687797,0.08036253745599754,0.9994870949473637,-0.1582912103255012
1960-03-01,317.575,317.8442287664498,317.08699287109545,0.07874982025644572,1.0018127897938987,-0.26922876644982807
1960-04-01,319.12,318.76353621466586,317.4060644877035,0.08087823559238551,1.0050377241556911,0.35646378533414236
1960-05-01,319.925,319.4667958703337,317.79548824841913,0.08361087589999715,1.0062360144012708,0.4582041296662851
1960-06-01,319.45,319.2399513078002,318.02081706399673,0.08486600398561746,1.004281036995606,0.21004869219979128
1960-07-01,318.06,318.03900098916307,318.119914545642,0.0849920453841247,0.9997903775934585,0.02099901083693112
1960-08-01,315.775,316.23096867578346,317.8940231484971,0.08223869925899635,0.9937966452610999,-0.4559686757834811
1960-09-01,314.175,314.36288362841236,317.84749250336023,0.08109825069556197,0.9886363271322631,-0.18788362841235084
1960-10-01,313.84000000000003,314.2239358831654,317.665376663263,0.07876708924460776,0.9883475252662751,-0.3839358831653499
1960-11-01,315.025,315.0679198353162,317.71481513940006,0.07850733973013353,0.9915774248878813,-0.04291983531624055
1960-12-01,316.2,316.1759190013174,317.80972273342974,0.07865258894720162,0.9949105177377696,0.02408099868256386
1961-01-01,316.925,317.11672112472115,317.75815295607106,0.07749927166289537,0.9975725623912065,-0.19172112472114122
1961-02-01,317.65,317.67263271579833,317.82030889902563,0.0773633831308399,0.9994870949473637,-0.02263271579835191
1961-03-01,318.525,318.4739539379737,317.93219744870555,0.07766915603647943,1.0018127897938987,0.051046062026273376
1961-04-01,319.42,319.6119125914849,317.88048241306353,0.07652326206440788,1.0050377241556911,-0.191912591484936
1961-05-01,320.475,319.939790141503,318.31740532268554,0.07971514956098222,1.0062360144012708,0.5352098584970122
1961-06-01,319.75,319.7601903242826,318.3902451532581,0.07965425814540271,1.004281036995606,-0.010190324282575602
1961-07-01,318.32,318.40314098467786,318.4135529922679,0.07915522483076312,0.9997903775934585,-0.08314098467786835
1961-08-01,316.775,316.516984966275,318.6686251301867,0.08071323688523337,0.9937966452610999,0.25801503372497336
1961-09-01,315.04,315.1271751590609,318.6895913408156,0.08018408601797396,0.9886363271322631,-0.08717515906090512
1961-10-01,315.35,315.0553186727972,318.9717994652584,0.08197331640880749,0.9883475252662751,0.29468132720273843
1961-11-01,316.05,316.36651841560877,318.83748476275036,0.08005775675740909,0.9915774248878813,-0.3165184156087548
1961-12-01,316.98,317.29441734374063,318.70341002186916,0.07816128752816635,0.9949105177377696,-0.31441734374061525
1962-01-01,317.925,318.0077489342106,318.72536591190726,0.07766350317486768,0.9975725623912065,-0.08274893421059915
1962-02-01,318.625,318.63951373049935,318.79319016557184,0.07757636164268145,0.9994870949473637,-0.014513730499345456
1962-03-01,319.67999999999995,319.4488121983477,319.02713113281436,0.0789612082508933,1.0018127897938987,0.23118780165225417
1962-04-01,320.55,320.7136608106801,318.99575501751895,0.0779840032901791,1.0050377241556911,-0.16366081068008498
1962-05-01,320.9,321.0634874524102,318.9636498300117,0.07700899592267588,1.0062360144012708,-0.1634874524102088
1962-06-01,320.5,320.4064836894707,319.10375342897936,0.07756779467823892,1.004281036995606,0.09351631052930998
1962-07-01,319.425,319.1144136669796,319.39181220792915,0.07943201276333181,0.9997903775934585,0.31058633302041017
1962-08-01,317.7333333333333,317.48945076391374,319.6375254956588,0.08090468657440866,0.9937966452610999,0.24388256941961117
1962-09-01,316.06666666666666,316.0852545318559,319.70569066238056,0.08079185873341169,0.9886363271322631,-0.01858786518926081
1962-10-01,315.475,316.06017861334993,319.38530288821687,0.07723880238942657,0.9883475252662751,-0.5851786133499104
1962-11-01,316.54999999999995,316.7718444377088,319.31094768667606,0.07589620672103534,0.9915774248878813,-0.2218444377088531
1962-12-01,317.52500000000003,317.7613302166119,319.22589227746994,0.07447073515381021,0.9949105177377696,-0.2363302166118615
1963-01-01,318.725,318.5252813029455,319.43601755441614,0.0756721626211649,0.9975725623912065,0.19971869705454992
1963-02-01,318.96666666666664,319.34781055700506,319.2533019898763,0.07338374596709038,0.9994870949473637,-0.38114389033842144
1963-03-01,319.86,319.90555789266483,319.2958725101127,0.07311084794789004,1.0018127897938987,-0.045557892664817246
1963-04-01,321.275,320.977876200102,319.5692991496447,0.0748849492125741,1.0050377241556911,0.29712379989797455
1963-05-01,322.1,321.63748983418014,319.9556292228715,0.07764326988227234,1.0062360144012708,0.46251016581982185
1963-06-01,321.46,321.4033467721201,320.0714959096536,0.0779817964244201,1.004281036995606,0.0566532278799059
1963-07-01,319.6,320.08236720210823,319.8225671618675,0.07508650591668684,0.9997903775934585,-0.4823672021082075
1963-08-01,317.6,317.91321504194104,319.68410090492563,0.07319517112142145,0.9937966452610999,-0.3132150419410209
1963-09-01,316.15,316.12367876636677,319.77533579577823,0.07335494030055881,0.9886363271322631,0.026321233633211705
1963-10-01,316.05,316.1216619486616,319.7995616093457,0.0729198270966483,0.9883475252662751,-0.07166194866158548
1963-11-01,317.0,317.1783314352441,319.7506213773195,0.07184057077194865,0.9915774248878813,-0.1783314352441039
1963-12-01,318.35,318.19473120094375,319.9282070553801,0.0727771046672118,0.9949105177377696,0.1552687990562731
1964-01-01,319.40000000000003,319.2242017362463,320.1203912724966,0.07383463641512514,0.9975725623912065,0.17579826375373386
1964-02-01,320.0661157024793,320.02999667261804,320.21871197380665,0.07405149779362012,0.9994870949473637,0.03611902986131099
1964-03-01,320.68925619834715,320.8733869242812,320.16822606896176,0.07294852951651,1.0018127897938987,-0.18413072593403967
1964-04-01,321.35537190082647,321.85446129939993,319.9046970494539,0.06996850861780134,1.0050377241556911,-0.49908939857346013
1964-05-01,322.0,321.9700321805336,319.9948452901941,0.07014723086429166,1.0062360144012708,0.029967819466378387
1964-06-01,321.75,321.43520259503936,320.2773834632712,0.07202827596916017,1.004281036995606,0.31479740496064323
1964-07-01,320.3,320.28225932461737,320.36143497344585,0.07213476001038786,0.9997903775934585,0.017740675382640347
1964-08-01,318.5,318.4458066301475,320.47051924836103,0.07246200421117535,0.9937966452610999,0.05419336985249856
1964-09-01,316.6,316.90043567356884,320.3370723873586,0.07063836776545976,0.9886363271322631,-0.3004356735688134
1964-10-01,316.96,316.67416800105934,320.6036679787635,0.0723738672761749,0.9883475252662751,0.2858319989406368
1964-11-01,317.725,317.97512379693444,320.50512357444757,0.07086012580132027,0.9915774248878813,-0.25012379693441744
1964-12-01,318.67499999999995,318.94441791750944,320.3924978565657,0.06923507934464415,0.9949105177377696,-0.26941791750948596
1965-01-01,319.4,319.68383207320255,320.268946229387,0.06752765958930367,0.9975725623912065,-0.283832073202575
1965-02-01,320.45,320.1721716929749,320.5248211945816,0.06919576169164811,0.9994870949473637,0.2778283070250609
1965-03-01,320.92499999999995,321.17518651819654,320.424802508259,0.06769711016821667,1.0018127897938987,-0.25018651819658544
1965-04-01,322.0,322.10705242547283,320.4203267014245,0.06705790912311699,1.0050377241556911,-0.10705242547282978
1965-05-01,322.06,322.48594855640454,320.2005593453386,0.06451763478065708,1.0062360144012708,-0.4259485564045349
1965-06-01,321.775,321.63614362307175,320.3587621130438,0.0653473592446603,1.004281036995606,0.13885637692823138
1965-07-01,321.04,320.3569413993469,320.88703285905945,0.06944725051847195,0.9997903775934585,0.6830586006530552
1965-08-01,318.725,318.96547320770946,320.79252336732964,0.06799516398312731,0.9937966452610999,-0.24047320770944225
1965-09-01,317.825,317.2143645625505,321.2790282525147,0.07170170463973488,0.9886363271322631,0.6106354374495027
1965-10-01,317.34000000000003,317.60619869566466,321.16823269466386,0.07008541357438462,0.9883475252662751,-0.2661986956646274
1965-11-01,318.875,318.53266424508087,321.4722480111586,0.07215721896394756,0.9915774248878813,0.3423357549191337
1965-12-01,319.325,319.9079106831844,321.1474165684745,0.06864128005006809,0.9949105177377696,-0.5829106831844229
1966-01-01,320.54,320.43632590915473,321.286476199419,0.06926494174139455,0.9975725623912065,0.10367409084528845
1966-02-01,321.575,321.1909161578354,321.61612194098916,0.07157101008789223,0.9994870949473637,0.384083842164614
1966-03-01,322.375,322.2708451176816,321.75813843729486,0.0721949121038141,1.0018127897938987,0.10415488231842573
1966-04-01,323.66,323.4516257937471,321.9708156806209,0.0734390969956601,1.0050377241556911,0.20837420625286995
1966-05-01,324.025,324.0525273882563,322.0257183832131,0.07327492900623787,1.0062360144012708,-0.027527388256316954
1966-06-01,323.7,323.4779110188363,322.24883472520787,0.07460200281396341,1.004281036995606,0.22208898116366527
1966-07-01,322.85,322.25587051353017,322.72609095680133,0.07816811894918696,0.9997903775934585,0.5941294864698534
1966-08-01,320.20000000000005,320.8017897454758,322.3939535488836,0.07453423892223003,0.9937966452610999,-0.6017897454757417
1966-09-01,318.7,318.80406138243137,322.3971674918021,0.07390258913397715,0.9886363271322631,-0.1040613824313823
1966-10-01,318.18,318.7134840844608,322.1053305541014,0.0706634088777863,0.9883475252662751,-0.5334840844607811
1966-11-01,319.90000000000003,319.46244245450447,322.47499222030126,0.07331149359571419,0.9915774248878813,0.43755754549556514
1966-12-01,321.06000000000006,320.9066998434326,322.65270808619925,0.07423615324174249,0.9949105177377696,0.1533001565674681
1967-01-01,322.4,321.9435447176232,323.0369814722727,0.07698200489186069,0.9975725623912065,0.456455282376794
1967-02-01,322.425,322.9482366927198,322.7592472053675,0.07384045233915022,0.9994870949473637,-0.5232366927197631
1967-03-01,323.0,323.41831618414534,322.550158174912,0.07133468108031403,1.0018127897938987,-0.4183161841453398
1967-04-01,324.28000000000003,324.2467709436981,322.64389531826225,0.07153308898580599,1.0050377241556911,0.03322905630193418
1967-05-01,324.95,324.7278864663079,322.8649952322785,0.07285773089917148,1.0062360144012708,0.2221135336920952
1967-06-01,324.075,324.32036185899454,322.7723095514667,0.07139159199043142,1.004281036995606,-0.24536185899455631
1967-07-01,322.48,322.7760258698867,322.64307809569993,0.06961476950461436,0.9997903775934585,-0.2960258698867051
1967-08-01,320.85,320.71079155261594,322.8076064056523,0.07045537338717585,0.9937966452610999,0.13920844738407823
1967-09-01,319.3,319.20898110881353,322.9404431746127,0.07100785560489863,0.9886363271322631,0.09101889118647932
1967-10-01,319.45,319.24756825838415,323.1502317203102,0.07223696987422308,0.9883475252662751,0.20243174161583966
1967-11-01,320.675,320.5001031697169,323.3419817645312,0.07329544007603896,0.9915774248878813,0.1748968302831031
1967-12-01,321.92,321.7692608879401,323.51793738923067,0.07420465228508552,0.9949105177377696,0.1507391120598527
1968-01-01,322.55,322.8066423060141,323.4178233876274,0.0726607952487741,0.9975725623912065,-0.25664230601410054
1968-02-01,323.05,323.324564279059,323.304349649898,0.07101229061643037,0.9994870949473637,-0.2745642790590068
1968-03-01,323.92,323.96157349623843,323.34724357399034,0.07076325967774749,1.0018127897938987,-0.0415734962384704
1968-04-01,324.975,325.0472975390795,323.36926506752457,0.0703315771415164,1.0050377241556911,-0.07229753907949998
1968-05-01,325.475,325.45657062728344,323.45200661680377,0.07044148633584434,1.0062360144012708,0.018429372716582293
1968-06-01,325.26,324.90745967237814,323.7603038515406,0.0725480610632462,1.004281036995606,0.3525403276218526
1968-07-01,324.025,323.7649692908687,324.00908027195754,0.07410883144849754,0.9997903775934585,0.2600307091312857
1968-08-01,321.93999999999994,322.07278611648354,323.9926543644976,0.07330700851918588,0.9937966452610999,-0.13278611648360084
1968-09-01,320.25,320.3833818004051,323.97454581362155,0.07249738458363716,0.9886363271322631,-0.13338180040511816
1968-10-01,320.275,320.27109321479986,324.0497215644623,0.07252110559398009,0.9883475252662751,0.003906785200115337
1968-11-01,321.32,321.3922987356593,324.07283843467906,0.07208355588424256,0.9915774248878813,-0.07229873565933076
1968-12-01,322.925,322.4951921597003,324.4376406594926,0.07467602528786492,0.9949105177377696,0.4298078402997021
1969-01-01,323.925,323.72458328274314,324.648445341476,0.0758816517644072,0.9975725623912065,0.20041671725687138
1969-02-01,324.275,324.55777424521165,324.5326267026887,0.0741838538762891,0.9994870949473637,-0.2827742452116695
1969-03-01,325.6,325.1952544697719,324.8805614843826,0.07660833505877171,1.0018127897938987,0.4047455302281264
1969-04-01,326.575,326.59421440340583,324.94421579681045,0.07649360746914666,1.0050377241556911,-0.01921440340584013
1969-05-01,327.28000000000003,327.04754322883593,325.17724115919754,0.0778799344390129,1.0062360144012708,0.23245677116409524
1969-06-01,326.55,326.6475503000487,325.18930479460107,0.07729703092235904,1.004281036995606,-0.09755030004868104
1969-07-01,325.8,325.19841865768115,325.6743063359977,0.08090787498976834,0.9997903775934585,0.6015813423188661
1969-08-01,323.54,323.7344390591903,325.622643954973,0.0797337635680234,0.9937966452610999,-0.19443905919030158
1969-09-01,322.4,322.00120244590346,325.9757006260324,0.08215445397896395,0.9886363271322631,0.39879755409651807
1969-10-01,321.8,322.258474161959,325.74353994307467,0.07937071497596752,0.9883475252662751,-0.45847416195897495
1969-11-01,322.82,323.07864271978406,325.64617111080577,0.07780541724378556,0.9915774248878813,-0.2586427197840635
1969-12-01,324.125,324.0662101271269,325.76401510278083,0.07816001977165013,0.9949105177377696,0.05878987287309201
1970-01-01,325.08000000000004,325.0512135721289,325.8617276719146,0.07833318736007043,0.9975725623912065,0.028786427871125397
1970-02-01,326.025,325.7728845552033,326.11097672179926,0.07984690749896509,0.9994870949473637,0.25211544479668646
1970-03-01,327.0,326.7821390252368,326.3381745931076,0.08115192458812918,1.0018127897938987,0.2178609747631981
1970-04-01,328.075,328.0637370437784,326.4269198104306,0.08121917475416696,1.0050377241556911,0.011262956221571585
1970-05-01,327.92,328.5442484420285,326.08778253075167,0.07749627846361248,1.0062360144012708,-0.624248442028545
1970-06-01,327.55,327.56160443447965,326.1574494029555,0.07742693715288808,1.004281036995606,-0.011604434479636438
1970-07-01,326.3,326.1664902002322,326.325358779853,0.07822829689349173,0.9997903775934585,0.13350979976780764
1970-08-01,324.66,324.37878983805996,326.59531863169997,0.07992637167547932,0.9937966452610999,0.2812101619400096
1970-09-01,323.15,322.9630143851693,326.803398878392,0.08106136932066284,0.9886363271322631,0.18698561483068943
1970-10-01,323.14,323.0754473338289,326.92871547906634,0.08145331676171373,0.9883475252662751,0.06455266617109601
1970-11-01,324.05,324.25590108671855,326.8694694369818,0.08020720975988686,0.9915774248878813,-0.20590108671854068
1970-12-01,325.1,325.28567206680606,326.8232255326463,0.07908729265468382,0.9949105177377696,-0.18567206680603476
1971-01-01,326.14,326.1087778567472,326.92351978087993,0.07927511252856995,0.9975725623912065,0.03122214325276218
1971-02-01,326.65,326.8350735076815,326.877328568958,0.07816391723476561,0.9994870949473637,-0.18507350768152264
1971-03-01,327.2,327.5481940660308,326.71999032120823,0.07607818707125287,1.0018127897938987,-0.34819406603082825
1971-04-01,327.675,328.44237695658853,326.27871606948054,0.07149624368724707,1.0050377241556911,-0.7673769565885209
1971-05-01,328.82,328.3853369370105,326.64290575335895,0.07408848965198868,1.0062360144012708,0.4346630629895003
1971-06-01,328.475,328.11568178245847,326.9594229720134,0.07623556508382481,1.004281036995606,0.35931821754155635
1971-07-01,327.22,326.9671045353298,327.2070511890487,0.07775350791888595,0.9997903775934585,0.2528954646701891
1971-08-01,325.25,325.25454095278064,327.28170863553225,0.07772608758190455,0.9937966452610999,-0.004540952780644147
1971-09-01,323.4,323.6394291967534,327.19533771819835,0.07627275880712442,0.9886363271322631,-0.2394291967534059
1971-10-01,323.54,323.45808630485675,327.3277678713414,0.07677011801942048,0.9883475252662751,0.08191369514327107
1971-11-01,324.825,324.6469486760969,327.5262066386824,0.07784767911895697,0.9915774248878813,0.17805132390310519
1971-12-01,325.925,325.93671929431616,327.59607294586874,0.0777769919208702,0.9949105177377696,-0.011719294316151263
1972-01-01,326.72,326.8784421110325,327.56623161116465,0.07682386781688075,0.9975725623912065,-0.15844211103245698
1972-02-01,327.625,327.47500570036516,327.7447406618014,0.0777244449007631,0.9994870949473637,0.1499942996348409
1972-03-01,327.725,328.4167383256583,327.35460568809606,0.07358083755118953,1.0018127897938987,-0.6917383256582639
1972-04-01,329.64,329.07767941016164,327.8072934639544,0.07693840658447722,1.0050377241556911,0.5623205898383503
1972-05-01,330.0,329.92892266243314,327.9320939324978,0.07736229800102634,1.0062360144012708,0.0710773375668623
1972-06-01,329.075,329.4136768475302,327.7809540458586,0.07533856331916451,1.004281036995606,-0.3386768475302233
1972-07-01,328.04,327.78756658412124,328.0273721208054,0.07685373281998104,0.9997903775934585,0.25243341587878376
1972-08-01,326.25,326.06887894932316,328.2277157746208,0.07794742405261501,0.9937966452610999,0.18112105067683615
1972-09-01,324.86,324.5749050414583,328.50105803542533,0.07967794277134937,0.9886363271322631,0.28509495854171973
1972-10-01,325.3,324.751957254222,328.95645645489776,0.08300551953208261,0.9883475252662751,0.5480427457779911
1972-11-01,326.425,326.2681023910991,329.14667555610004,0.08395505900337563,0.9915774248878813,0.15689760890091975
1972-12-01,327.54,327.55501716040493,329.2204032465153,0.08386448008594173,0.9949105177377696,-0.015017160404909191
1973-01-01,328.55,328.50490216238546,329.3348994430487,0.08413577056413706,0.9975725623912065,0.04509783761454855
1973-02-01,329.475,329.2500745260172,329.5715182612918,0.08548624006826812,0.9994870949473637,0.2249254739828075
1973-03-01,330.38,330.2546033546074,329.74181692165314,0.08623738315545525,1.0018127897938987,0.1253966453925841
1973-04-01,331.575,331.4896370612045,329.88560454030846,0.08674707809650699,1.0050377241556911,0.08536293879546974
1973-05-01,332.4,332.0300639551185,330.22145917514644,0.08895330471480072,1.0062360144012708,0.3699360448814559
1973-06-01,331.94,331.72448357572137,330.45581944857685,0.09024110476816773,1.004281036995606,0.2155164242786327
1973-07-01,330.65,330.476770692659,330.66346175079076,0.09128087108522562,0.9997903775934585,0.17322930734098918
1973-08-01,329.325,328.7029536218189,331.17885929859585,0.09503706986811826,0.9937966452610999,0.6220463781810963
1973-09-01,327.5,327.5094081805122,331.26744830672095,0.09497996246583815,0.9886363271322631,-0.00940818051219594
1973-10-01,327.225,327.50123594607436,331.17304979070025,0.09330272775793004,0.9883475252662751,-0.2762359460743369
1973-11-01,328.05,328.47623678225386,330.97509013157344,0.09072315594863409,0.9915774248878813,-0.4262367822538522
1973-12-01,328.64,329.38085970316433,330.561254166352,0.08625451686682734,0.9949105177377696,-0.7408597031643467
1974-01-01,329.325,329.8448824853873,330.29438991476496,0.0831271126380164,0.9975725623912065,-0.5198824853873134
1974-02-01,330.625,330.20806472964216,330.6601686967905,0.0856304234362315,0.9994870949473637,0.4169352703578397
1974-03-01,331.5,331.3453717292467,330.85038244338705,0.08655666796451528,1.0018127897938987,0.15462827075327823
1974-04-01,332.625,332.6041081235233,330.95102405767875,0.08668141160501644,1.0050377241556911,0.020891876476696325
1974-05-01,332.975,333.10206136795387,330.9521448774865,0.08592364232025713,1.0062360144012708,-0.12706136795384282
1974-06-01,332.16,332.45525473809397,330.83886283695045,0.0841593727582179,1.004281036995606,-0.2952547380940018
1974-07-01,331.075,330.8536533294131,331.0730335708139,0.08548795171521956,0.9997903775934585,0.22134667058691093
1974-08-01,329.22,329.10422773871517,331.2374560657315,0.0861870372531856,0.9937966452610999,0.11577226128480334
1974-09-01,327.375,327.5585896094156,331.197816739921,0.08507265326939359,0.9886363271322631,-0.18358960941560554
1974-10-01,327.375,327.42262389482084,331.2502399828984,0.08478349304077575,0.9883475252662751,-0.047623894820844725
1974-11-01,328.4,328.54432935343743,331.2363982194387,0.08391001626241675,0.9915774248878813,-0.14432935343745612
1974-12-01,329.675,329.63405940381875,331.3481906419666,0.08415695741382012,0.9949105177377696,0.040940596181258115
1975-01-01,330.25,330.627816254047,331.17572420066847,0.08188416657390636,0.9975725623912065,-0.3778162540469907
1975-02-01,331.3,331.0877046661866,331.40152910211816,0.08315880376420602,0.9994870949473637,0.21229533381341525
1975-03-01,332.0,332.0855999649518,331.4267920970923,0.08264604824562143,1.0018127897938987,-0.08559996495182531
1975-04-01,333.275,333.1794912497223,331.5738285136681,0.08321632297526059,1.0050377241556911,0.09550875027770189
1975-05-01,333.86,333.72526294452757,331.7477740833758,0.08401986856744276,1.0062360144012708,0.13473705547244208
1975-06-01,333.4,333.25237813816983,331.93139307770235,0.08490197044055675,1.004281036995606,0.14762186183014592
1975-07-01,331.8,331.9466969933639,331.9168753659484,0.08402145781336454,0.9997903775934585,-0.1466969933638893
1975-08-01,329.98,329.941377487131,332.0272299918006,0.08425467810194695,0.9937966452610999,0.03862251286903984
1975-09-01,328.525,328.3374784024954,332.2400058900578,0.08539292914752378,0.9886363271322631,0.18752159750459896
1975-10-01,328.325,328.4529855060895,332.2376560733534,0.08461583356683214,0.9883475252662751,-0.12798550608948744
1975-11-01,329.44,329.5232626103542,332.2653756754364,0.08411193082689872,0.9915774248878813,-0.08326261035421112
1975-12-01,330.775,330.6580007842299,332.42916938843393,0.08481763430341087,0.9949105177377696,0.11699921577007899
1976-01-01,331.74,331.7068300651885,332.5365169729849,0.08501717130901261,0.9975725623912065,0.03316993481149666
1976-02-01,332.55,332.45093087881565,332.6886957745956,0.08561198978195603,0.9994870949473637,0.09906912118435685
1976-03-01,333.45000000000005,333.37755763316454,332.8233043897964,0.08604592948502915,1.0018127897938987,0.07244236683550298
1976-04-01,334.45,334.5864557950403,332.8173541526696,0.08523116338874955,1.0050377241556911,-0.13645579504031957
1976-05-01,334.76,334.9785706323096,332.75540421017956,0.08392765065012661,1.0062360144012708,-0.21857063230959284
1976-06-01,334.40000000000003,334.26422935411864,332.93093507911925,0.08473893659084798,1.004281036995606,0.13577064588139365
1976-07-01,332.86,332.94586646870687,332.95748047789965,0.08422354422857076,0.9997903775934585,-0.085866468706854
1976-08-01,330.725,330.9757281892312,332.8707553435302,0.08270953345339192,0.9937966452610999,-0.2507281892311539
1976-09-01,329.35,329.16989062194205,333.0769060023656,0.08380279252659029,0.9886363271322631,0.18010937805797766
1976-10-01,329.1,329.2785620533898,333.0382923951913,0.0827186089591843,0.9883475252662751,-0.1785620533897827
1976-11-01,330.35,330.3152742675431,333.14474030237824,0.08292876801685509,0.9915774248878813,0.03472573245693411
1976-12-01,331.625,331.53171275937694,333.29120192006167,0.08349144811337228,0.9949105177377696,0.09328724062305582
1977-01-01,332.88,332.5654470996731,333.5883465222994,0.08538367202611677,0.9975725623912065,0.31455290032687344
1977-02-01,333.425,333.50258725217685,333.6211317026408,0.08491783231432788,0.9994870949473637,-0.0775872521768406
1977-03-01,334.70000000000005,334.3109884557143,333.96915873129376,0.0872480647652149,1.0018127897938987,0.38901154428572227
1977-04-01,336.04,335.7392908259389,334.2591397856726,0.08904357399802389,1.0050377241556911,0.30070917406112585
1977-05-01,336.675,336.4331834461402,334.511017805638,0.09048572089138872,1.0062360144012708,0.24181655385979184
1977-06-01,336.2,336.0339449419118,334.7135393619295,0.09147796876012385,1.004281036995606,0.16605505808820453
1977-07-01,334.8,334.7348346972346,334.84918124668053,0.09186910746463253,0.9997903775934585,0.06516530276542198
1977-08-01,332.875,332.86329220217857,334.9490328333909,0.0919398044696624,0.9937966452610999,0.011707797821429722
1977-09-01,331.575,331.23367662751554,335.2749046056069,0.09401162814640213,0.9886363271322631,0.3413233724844531
1977-10-01,331.2,331.4610384108628,335.1899566965233,0.09242666902352807,0.9883475252662751,-0.26103841086279544
1977-11-01,332.35,332.4584423078804,335.2082809728216,0.09177037953376634,0.9915774248878813,-0.10844230788035247
1977-12-01,333.86,333.59354768847265,335.4815174836131,0.09337753836241272,0.9949105177377696,0.2664523115273596
1978-01-01,335.025,334.76030790123224,335.75468132092476,0.0949698197188469,0.9975725623912065,0.264692098767739
1978-02-01,335.35,335.67739215764743,335.62770316338566,0.0930041325204809,0.9994870949473637,-0.3273921576474095
1978-03-01,336.6,336.3292983676926,335.9037972066561,0.09462567238832544,1.0018127897938987,0.2707016323074072
1978-04-01,337.64,337.6910902502563,335.9639787048455,0.09432061679323661,1.0050377241556911,-0.051090250256322634
1978-05-01,337.95,338.153963715875,335.92095422205045,0.0931042168631521,1.0062360144012708,-0.2039637158750338
1978-06-01,337.925,337.45254705413424,336.3328181387789,0.09592731923660615,1.004281036995606,0.47245294586576847
1978-07-01,336.5,336.3582224547628,336.52483112525766,0.09677830408619915,0.9997903775934585,0.14177754523717567
1978-08-01,334.65,334.5334261732741,336.70109048689466,0.09748222984065023,0.9937966452610999,0.11657382672586891
1978-09-01,332.74,332.97130391406165,336.6400445170108,0.09607822131293856,0.9886363271322631,-0.23130391406164108
1978-10-01,332.65,332.81231357618293,336.624845771904,0.0950926943842114,0.9883475252662751,-0.16231357618295306
1978-11-01,333.825,333.8838894928079,336.67969723195137,0.09473629699704142,0.9915774248878813,-0.05888949280790712
1978-12-01,334.96000000000004,335.06042602313016,336.70603884402124,0.09413055794837523,0.9949105177377696,-0.10042602313012594
1979-01-01,336.225,335.9826080041152,336.964808845451,0.09558869084237917,0.9975725623912065,0.24239199588481597
1979-02-01,336.7,336.8875175553534,336.9332743259816,0.09446282130208304,0.9994870949473637,-0.18751755535339498
1979-03-01,338.0,337.63869758944503,337.2721051828156,0.09662707224534224,1.0018127897938987,0.3613024105549698
1979-04-01,338.875,339.0683028669172,337.2384107634292,0.09547287705538228,1.0050377241556911,-0.19330286691717902
1979-05-01,339.375,339.43750259690324,337.2917956379231,0.09510012372434469,1.0062360144012708,-0.06250259690324356
1979-06-01,339.23999999999995,338.8312615442357,337.66266787530014,0.09754250558414182,1.004281036995606,0.40873845576425083
1979-07-01,337.525,337.68940827275026,337.6487873867781,0.09655568535796075,0.9997903775934585,-0.16440827275027914
1979-08-01,336.025,335.6501888976481,338.00089256925236,0.09881896516450096,0.9937966452610999,0.37481110235188453
1979-09-01,333.98,334.2576570158636,337.9094144223066,0.09713359455746723,0.9886363271322631,-0.2776570158635536
1979-10-01,333.95,334.06793525626404,337.92569539898943,0.09641752154849424,0.9883475252662751,-0.11793525626404744
1979-11-01,335.15,335.1750962849076,338.00496375803374,0.09626563960925041,0.9915774248878813,-0.02509628490764726
1979-12-01,336.66,336.3804691877854,338.29160258213193,0.09795168395299846,0.9949105177377696,0.2795308122145457
1980-01-01,337.925,337.5681347356366,338.63194716486106,0.10009844205363806,0.9975725623912065,0.3568652643634209
1980-02-01,338.225,338.5583082292331,338.50608696510335,0.0980972343154277,0.9994870949473637,-0.3333082292330687
1980-03-01,340.06,339.21800240870687,339.1736719506653,0.10314091525400451,1.0018127897938987,0.8419975912931363
1980-04-01,340.75,340.9859958615599,339.1177084864143,0.1017318037772483,1.0050377241556911,-0.23599586155989982
1980-05-01,341.34000000000003,341.3348176050322,339.22293001163496,0.10176271057284933,1.0062360144012708,0.005182394967846449
1980-06-01,340.95,340.7773542852742,339.4411752136191,0.10279434034947413,1.004281036995606,0.17264571472577472
1980-07-01,339.375,339.472793529944,339.47769279229294,0.1022073587352037,0.9997903775934585,-0.09779352994399915
1980-08-01,337.6,337.473365568191,339.666240617368,0.10297203499619936,0.9937966452610999,0.12663443180900913
1980-09-01,335.875,335.9081864692542,339.74646772283097,0.10277059402177141,0.9886363271322631,-0.03318646925418989
1980-10-01,336.025,335.88915365408997,339.94237020161285,0.1035954186310981,0.9883475252662751,0.13584634591001077
1980-11-01,337.06,337.1819029332345,339.96266511503086,0.1028576658534529,0.9915774248878813,-0.12190293323448032
1980-12-01,338.2,338.3347653346949,339.9737414644658,0.10204480258269004,0.9949105177377696,-0.1347653346949187
1981-01-01,339.22,339.25027351362377,340.05522364732553,0.10186268928364763,0.9975725623912065,-0.030273513623797044
1981-02-01,340.45,339.98261804833703,340.47393717238936,0.10466888575986427,0.9994870949473637,0.4673819516629578
1981-03-01,341.4,341.19600347923165,340.71657975436375,0.10589085286995395,1.0018127897938987,0.20399652076832808
1981-04-01,342.45,342.5394402002141,340.7621715517172,0.1053568129432705,1.0050377241556911,-0.08944020021408505
1981-05-01,342.82,342.99318318046807,340.75091026390487,0.10432398213947093,1.0062360144012708,-0.17318318046807235
1981-06-01,342.125,342.31444811399757,340.72741532886675,0.10319195105584009,1.004281036995606,-0.189448113997571
1981-07-01,340.425,340.75916154780157,340.60413886961487,0.10118622854160053,0.9997903775934585,-0.33416154780155694
1981-08-01,338.4,338.5918091051403,340.5745479678811,0.10002799797785616,0.9937966452610999,-0.19180910514035077
1981-09-01,336.7,336.8032615302279,340.6038038626101,0.09940120327093271,0.9886363271322631,-0.1032615302279396
1981-10-01,336.94,336.7331695771518,340.8450013503269,0.1006570252187363,0.9883475252662751,0.2068304228482134
1981-11-01,338.425,338.0740179587268,341.1854965860219,0.10278115766561241,0.9915774248878813,0.3509820412731983
1981-12-01,339.6,339.55129710780386,341.32144662624376,0.10307491861189565,0.9949105177377696,0.048702892196160974
1982-01-01,340.7,340.5957348206934,341.49534137961496,0.1037021360540036,0.9975725623912065,0.10426517930659429
1982-02-01,341.55,341.42383564027404,341.684573739253,0.1044596363820066,0.9994870949473637,0.12616435972597628
1982-03-01,342.675,342.4086250470048,341.96919692305875,0.10605525884794827,1.0018127897938987,0.26637495299519287
1982-04-01,343.475,343.7985329428876,341.85713179713673,0.10412347080760632,1.0050377241556911,-0.3235329428875957
1982-05-01,343.96000000000004,344.09373058047186,341.87120376140996,0.1033259276365664,1.0062360144012708,-0.13373058047181985
1982-06-01,343.29999999999995,343.43853530220025,341.8810611823168,0.10249812172727664,1.004281036995606,-0.13853530220029597
1982-07-01,341.92,341.91187188734506,341.9890678994042,0.10254690872463582,0.9997903775934585,0.008128112654901543
1982-08-01,339.625,339.96949916827083,341.85673225354014,0.10046666615437866,0.9937966452610999,-0.34449916827082916
1982-09-01,338.025,338.0713091764035,341.92546011235197,0.10018557070104117,0.9886363271322631,-0.04630917640349708
1982-10-01,337.9,338.0402004884453,341.92952873823765,0.09933430884092506,0.9883475252662751,-0.1402004884453163
1982-11-01,339.275,339.14809925755196,342.11557872878814,0.10010230820519034,0.9915774248878813,0.12690074244801508
1982-12-01,340.425,340.47398039849844,342.1823231600358,0.09980687342578783,0.9949105177377696,-0.04898039849842917
1983-01-01,341.34,341.45126151820045,342.2065580890558,0.09913756881887337,0.9975725623912065,-0.1112615182004788
1983-02-01,342.5,342.13012533702556,342.55644367174295,0.1013583241822066,0.9994870949473637,0.36987466297443916
1983-03-01,343.15,343.27896856218314,342.5705736983402,0.1005857848240363,1.0018127897938987,-0.12896856218316088
1983-04-01,344.9,344.39744226075123,343.00997532823925,0.10358651489373873,1.0050377241556911,0.5025577392487435
1983-05-01,345.65,345.25322295605804,343.3807435934789,0.10595281600979517,1.0062360144012708,0.39677704394193825
1983-06-01,345.275,344.95717566431614,343.7011295942936,0.10785194828161589,1.004281036995606,0.31782433568383794
1983-07-01,343.82,343.73691147647367,343.86529240766913,0.10835066671109439,0.9997903775934585,0.08308852352632812
1983-08-01,342.15,341.839852545558,344.1851043291755,0.11022347801866661,0.9937966452610999,0.31014745444196024
1983-09-01,339.875,340.382868332103,343.94725132646533,0.1071407309232707,0.9886363271322631,-0.5078683321029871
1983-10-01,340.02,340.04530694691283,344.0370424286759,0.10698707355059107,0.9883475252662751,-0.02530694691284907
1983-11-01,341.15,341.24545056435676,344.07880481876055,0.10640940969039095,0.9915774248878813,-0.09545056435678134
1983-12-01,342.98,342.43348968571325,344.55741258491315,0.1097057927148704,0.9949105177377696,0.5465103142867633
1984-01-01,343.675,343.8304604519637,344.5615252774877,0.10877060507429832,0.9975725623912065,-0.15546045196367686
1984-02-01,344.425,344.49351274631016,344.6238492432497,0.10835924937990878,0.9994870949473637,-0.06851274631014803
1984-03-01,345.175,345.35713552181323,344.60902055264967,0.10726823264885633,1.0018127897938987,-0.18213552181322257
1984-04-01,347.4,346.4528743601724,345.354824716573,0.11292344032999764,1.0050377241556911,0.9471256398275614
1984-05-01,347.35,347.622090009584,345.284528169451,0.11130074843494797,1.0062360144012708,-0.27209000958396246
1984-06-01,346.66,346.8744812396113,345.2511203788377,0.1100191340394683,1.004281036995606,-0.21448123961135934
1984-07-01,345.2,345.2887440796866,345.3009957567117,0.10948646952494243,0.9997903775934585,-0.0887440796865917
1984-08-01,343.3,343.26777847445277,345.4324511449753,0.10968103774250412,0.9937966452610999,0.03222152554724289
1984-09-01,341.12,341.6155044305731,345.2025295190407,0.10667333919634778,0.9886363271322631,-0.495504430573078
1984-10-01,341.475,341.28549609660877,345.43912063831425,0.10782395890594351,0.9883475252662751,0.18950390339125534
1984-11-01,342.85,342.63654950158696,345.6928027310978,0.10911575471360502,0.9915774248878813,0.21345049841306718
1984-12-01,344.14,344.04196575543267,345.86868426085925,0.1097070672856859,0.9949105177377696,0.09803424456731591
1985-01-01,344.925,345.1385503692051,345.83334192660493,0.10842243403396457,0.9975725623912065,-0.21355036920510884
1985-02-01,345.875,345.7643290817804,346.0167911621867,0.10908691057102904,0.9994870949473637,0.11067091821962549
1985-03-01,347.44,346.7533315319322,346.5903084770434,0.11320014877898667,1.0018127897938987,0.6866684680678077
1985-04-01,348.325,348.45010526608957,346.61916479198385,0.11245315573815892,1.0050377241556911,-0.12510526608957662
1985-05-01,348.82500000000005,348.8938413106199,346.68526158172665,0.11204259955140917,1.0062360144012708,-0.06884131061985954
1985-06-01,348.17999999999995,348.2819562704545,346.72851521413565,0.11143336853353199,1.004281036995606,-0.10195627045453648
1985-07-01,346.45,346.7672431579625,346.62494612611044,0.10952919449375874,0.9997903775934585,-0.31724315796253677
1985-08-01,344.3,344.5835583699841,346.5411427368097,0.10781694016422198,0.9937966452610999,-0.28355836998406403
1985-09-01,343.0,342.7097542992635,346.8478846653478,0.10957872374933289,0.9886363271322631,0.2902457007364774
1985-10-01,342.8,342.9145503132784,346.8789313792443,0.10888320325693274,0.9883475252662751,-0.11455031327841425
1985-11-01,344.22,344.0652836511902,347.09353763344524,0.10981954180968867,0.9915774248878813,0.1547163488097567
1985-12-01,345.57500000000005,345.43627184752467,347.2978373506452,0.11065630758497737,0.9949105177377696,0.13872815247538028
1986-01-01,346.25,346.5651812151099,347.19441373507897,0.10876030398285214,0.9975725623912065,-0.31518121510987385
1986-02-01,346.825,347.1250404863006,347.09976849780384,0.1069588382814421,0.9994870949473637,-0.3000404863005883
1986-03-01,347.74,347.8361401477731,347.14170264109094,0.10638294562358983,1.0018127897938987,-0.09614014777309876
1986-04-01,349.525,348.99742565549224,347.60376719981934,0.10953304774306867,1.0050377241556911,0.527574344507741
1986-05-01,350.08000000000004,349.8816453954196,347.84686828344087,0.11071599602437712,1.0062360144012708,0.19835460458045873
1986-06-01,349.375,349.4472035706673,347.90886918790636,0.11028454973219833,1.004281036995606,-0.07220357066728411
1986-07-01,347.825,347.9462011251095,347.9370131493164,0.10955706978430271,0.9997903775934585,-0.12120112510950776
1986-08-01,345.82,345.88751387837414,348.00053866464935,0.10914939029821885,0.9937966452610999,-0.06751387837414313
1986-09-01,344.8,344.15388343780126,348.55251538812564,0.1130713004262983,0.9886363271322631,0.6461165621987561
1986-10-01,344.1,344.6027697491442,348.320903921971,0.11001860983575484,0.9883475252662751,-0.5027697491441927
1986-11-01,345.62,345.49623691539784,348.5154941430104,0.11076762019188426,0.9915774248878813,0.12376308460216023
1986-12-01,346.875,346.85193458781083,348.6419703569535,0.11090674370191818,0.9949105177377696,0.02306541218916891
1987-01-01,348.0,347.90630125060636,348.8165199197954,0.11147039774552306,0.9975725623912065,0.09369874939363854
1987-02-01,348.5,348.74902338830077,348.7591706435437,0.10997524254695625,0.9994870949473637,-0.24902338830077042
1987-03-01,349.475,349.5015723131591,348.85117361749644,0.109816070750314,1.0018127897938987,-0.02657231315907893
1987-04-01,350.85,350.7189588953931,349.0493353630409,0.11059850618459593,1.0050377241556911,0.1310411046069362
1987-05-01,351.73999999999995,351.3373002451807,349.4311038549876,0.11300012919634445,1.0062360144012708,0.4026997548192526
1987-06-01,351.15,351.04051522493614,349.61797236482283,0.11365434615285727,1.004281036995606,0.1094847750638337
1987-07-01,349.45,349.6583151257409,349.5904471058417,0.11240398583909894,0.9997903775934585,-0.20831512574090993
1987-08-01,348.08000000000004,347.53352025315434,350.07544577634826,0.11570387895314554,0.9937966452610999,0.546479746845705
1987-09-01,346.4,346.2116919894419,350.320209857454,0.11684690350477316,0.9886363271322631,0.18830801055810298
1987-10-01,346.44,346.3535978112908,350.49629132209463,0.11737151571329191,0.9883475252662751,0.0864021887092008
1987-11-01,347.925,347.6605929272214,350.7943413675197,0.11897169913132424,0.9915774248878813,0.2644070727786243
1987-12-01,348.925,349.1273459842178,350.77550625716583,0.11775121005726594,0.9949105177377696,-0.20234598421779992
1988-01-01,350.4,350.04148597737515,351.1367702488634,0.11990788642540665,0.9975725623912065,0.35851402262483134
1988-02-01,351.775,351.0765168103009,351.7301987358321,0.12410163215875394,0.9994870949473637,0.6984831896990613
1988-03-01,352.125,352.4921382526373,351.605985242089,0.12190242372182059,1.0018127897938987,-0.3671382526372895
1988-04-01,353.58000000000004,353.49979574173506,351.78196000699745,0.12238131661451288,1.0050377241556911,0.08020425826498467
1988-05-01,354.175,354.09882186397573,351.9556381615511,0.1228356282009459,1.0062360144012708,0.07617813602428214
1988-06-01,353.75,353.5857347614025,352.189302050242,0.1238171811556236,1.004281036995606,0.1642652385975225
1988-07-01,352.22,352.2392665074882,352.30006190822047,0.12370153868241257,0.9997903775934585,-0.01926650748822567
1988-08-01,350.3,350.23755382382353,352.4663397975462,0.12407861707910119,0.9937966452610999,0.062446176176479185
1988-09-01,348.75,348.583696243463,352.70439761483976,0.12508807640154945,0.9886363271322631,0.16630375653699048
1988-10-01,348.96,348.718149023911,352.9952909404245,0.1265565342796879,0.9883475252662751,0.24185097608898332
1988-11-01,350.0,350.1476521906184,353.020951608231,0.12566294779358989,0.9915774248878813,-0.14765219061837342
1988-12-01,351.36,351.349281125275,353.15391459675845,0.12572760076675704,0.9949105177377696,0.01071887472500066
1989-01-01,352.775,352.4220779076338,353.51935678326214,0.12785063832837926,0.9975725623912065,0.3529220923661569
1989-02-01,353.0,353.46581998205323,353.3314154871533,0.12505382003546459,0.9994870949473637,-0.46581998205323316
1989-03-01,353.6,354.09721158733635,353.120178667294,0.12207545450162043,1.0018127897938987,-0.49721158733632365
1989-04-01,355.36,355.02179115819575,353.47026874697883,0.12409487110230412,1.0050377241556911,0.3382088418042599
1989-05-01,355.6,355.7993831618117,353.4601029722709,0.12290578870572584,1.0062360144012708,-0.19938316181168148
1989-06-01,355.125,355.0967107025,353.60209529236437,0.12307482899558865,1.004281036995606,0.028289297500009525
1989-07-01,353.86,353.6510213999448,353.8667993771921,0.1243291716507585,0.9997903775934585,0.20897860005521807
1989-08-01,351.575,351.79519600403074,353.84099698191756,0.12299952808823718,0.9937966452610999,-0.220196004030754
1989-09-01,349.86,349.94166544670935,353.9080256618727,0.12250382102653691,0.9886363271322631,-0.08166544670933717
1989-10-01,350.04999999999995,349.90519768313254,354.12980129324615,0.12338302402342072,0.9883475252662751,0.14480231686741263
1989-11-01,351.2,351.26946026365016,354.20571970833225,0.12296265265839994,0.9915774248878813,-0.06946026365017133
1989-12-01,352.48,352.52533281711493,354.2978086526948,0.12268921897401593,0.9949105177377696,-0.045332817114910995
1990-01-01,353.65,353.56016422580785,354.48151684968303,0.12322963491031663,0.9975725623912065,0.08983577419212452
1990-02-01,354.65,354.4228679184326,354.7587254510919,0.12459335305275344,0.9994870949473637,0.2271320815673903
1990-03-01,355.48,355.5266476624977,354.8517685091184,0.12431392716293939,1.0018127897938987,-0.04664766249766217
1990-04-01,356.175,356.7643540214632,354.5787500200521,0.12079494377896391,1.0050377241556911,-0.5893540214631798
1990-05-01,357.075,356.9114564343497,354.8096719401655,0.12177028579491662,1.0062360144012708,0.16354356565028638
1990-06-01,356.08000000000004,356.45091686103353,354.68118799782485,0.11955390365591037,1.004281036995606,-0.37091686103349275
1990-07-01,354.675,354.72636771612065,354.7659289043316,0.11924558157215762,0.9997903775934585,-0.0513677161206374
1990-08-01,352.9,352.6836958569912,355.03265254784804,0.1205517243087811,0.9937966452610999,0.216304143008756
1990-09-01,350.93999999999994,351.1173594408795,355.0316478645152,0.11947515728018054,0.9886363271322631,-0.17735944087957023
1990-10-01,351.225,351.0127335341299,355.2966460824668,0.1207639855045368,0.9883475252662751,0.21226646587012965
1990-11-01,352.70000000000005,352.4238802355191,355.60609228644034,0.12243505377010966,0.9915774248878813,0.27611976448093856
1990-12-01,354.14,353.91805331014314,355.8796831208562,0.12377376830423258,0.9949105177377696,0.22194668985684984
1991-01-01,354.675,355.13928070904717,355.68810440700577,0.12098084203023471,0.9975725623912065,-0.46428070904715923
1991-02-01,355.65,355.62658897143785,355.82495621696705,0.12112140361080496,0.9994870949473637,0.023411028562122738
1991-03-01,357.2,356.5913330372667,356.3577514584242,0.1247674021143927,1.0018127897938987,0.6086669627333094
1991-04-01,358.6,358.27837945688395,356.69934993804276,0.12668777137625112,1.0050377241556911,0.3216205431160688
1991-05-01,359.25,359.0512100193233,356.95989891888,0.12787331615591577,1.0062360144012708,0.19878998067667908
1991-06-01,358.18,358.6164781986526,356.7932843694871,0.1252651778230724,1.004281036995606,-0.4364781986525941
1991-07-01,356.05,356.8437314220147,356.38062082828907,0.120501000155509,0.9997903775934585,-0.7937314220146732
1991-08-01,353.86,354.2896189049269,356.208203890804,0.11790676592411203,0.9937966452610999,-0.42961890492688326
1991-09-01,352.125,352.276937300992,356.2219777591289,0.11698451059983113,0.9886363271322631,-0.1519373009920173
1991-10-01,352.25,352.18673151523893,356.3823371076181,0.11736866081657908,0.9883475252662751,0.06326848476106761
1991-11-01,353.74,353.4970602191518,356.6657149524965,0.11883892484850674,0.9915774248878813,0.24293978084818946
1991-12-01,355.025,354.96870521894846,356.8228931811734,0.11917847774581554,0.9949105177377696,0.05629478105151975
1992-01-01,355.9,356.0756170500137,356.8227876319258,0.11812203610698034,0.9975725623912065,-0.1756170500137273
1992-02-01,356.68,356.7578328719714,356.8881446640621,0.11765472167542633,0.9994870949473637,-0.07783287197139543
1992-03-01,357.9,357.6529758552266,357.17287495242,0.11913443014875814,1.0018127897938987,0.24702414477337697
1992-04-01,359.075,359.0919479688707,357.280583351395,0.11903323524946778,1.0050377241556911,-0.01694796887073835
1992-05-01,359.54,359.62836574268744,357.3401128573781,0.11850623914741232,1.0062360144012708,-0.08836574268741515
1992-06-01,359.125,358.98891266927586,357.5504359791943,0.11931941741146182,1.004281036995606,0.1360873307241377
1992-07-01,357.0,357.5947798017324,357.2666604352983,0.11574939791879954,0.9997903775934585,-0.5947798017323862
1992-08-01,354.86,355.1654399675787,357.17415818425536,0.11390501255669738,0.9937966452610999,-0.30543996757870673
1992-09-01,353.025,353.2279585270962,357.1489620058537,0.11267305976432525,0.9886363271322631,-0.20295852709620021
1992-10-01,353.42,353.0986528896867,357.4819403071408,0.11462419803710586,0.9883475252662751,0.3213471103132406
1992-11-01,354.2,354.58468058079745,357.3336989130561,0.11229612307238448,0.9915774248878813,-0.3846805807974647
1992-12-01,355.35,355.6267799846868,357.25749529017855,0.1106266708787366,0.9949105177377696,-0.2767799846867547
1993-01-01,356.68,356.5006331416251,357.4899529630838,0.11170566985861592,0.9975725623912065,0.1793668583749195
1993-02-01,357.175,357.41824293539844,357.43675768393405,0.11024522093509441,0.9994870949473637,-0.24324293539842756
1993-03-01,358.425,358.19516046257417,357.7024556076675,0.11162199125585748,1.0018127897938987,0.22983953742584617
1993-04-01,359.325,359.6166462208898,357.61745469756,0.10988059615557068,1.0050377241556911,-0.2916462208897883
1993-05-01,360.18,359.95812810833536,357.87673940182265,0.11120379696288452,1.0062360144012708,0.22187189166464805
1993-06-01,359.5,359.5205028276004,357.97411012772636,0.11108128406129815,1.004281036995606,-0.02050282760041
1993-07-01,357.42,358.010128732217,357.68524857952167,0.10753918146961816,0.9997903775934585,-0.5901287322170674
1993-08-01,355.325,355.5732721754899,357.62351361410424,0.1060400012217915,0.9937966452610999,-0.24827217548988756
1993-09-01,353.775,353.66443199291996,357.8053333408038,0.10671114604639277,0.9886363271322631,0.11056800708001902
1993-10-01,354.06,353.7414834315714,358.13040919991164,0.10864509798568368,0.9883475252662751,0.3185165684286062
1993-11-01,355.35,355.2217589549789,358.3266858548736,0.1094212088196243,0.9915774248878813,0.12824104502112732
1993-12-01,356.775,356.6118528546496,358.5472176827858,0.11040526248954811,0.9949105177377696,0.163147145350365
1994-01-01,358.32,357.7870039426575,359.0196488196791,0.11361155270036484,0.9975725623912065,0.5329960573424728
1994-02-01,358.9,358.9490591085647,359.1000018789865,0.11331699811371282,0.9994870949473637,-0.04905910856473383
1994-03-01,359.925,359.8644971153931,359.2542401957062,0.1136794186823423,1.0018127897938987,0.060502884606933094
1994-04-01,361.22,361.1783160638104,359.3960222122855,0.11392830996582866,1.0050377241556911,0.04168393618954269
1994-05-01,361.65,361.75185975110827,359.4413601967614,0.11332083822216595,1.0062360144012708,-0.10185975110829304
1994-06-01,360.9,361.09394792643764,359.4238261353333,0.11216191889222257,1.004281036995606,-0.19394792643765868
1994-07-01,359.46,359.4606212551713,359.53556701634136,0.1121581899608346,0.9997903775934585,-0.0006212551713247194
1994-08-01,357.375,357.41670278580904,359.6192918811553,0.11190636958410138,0.9937966452610999,-0.04170278580903641
1994-09-01,355.92499999999995,355.643330593499,359.9242453252397,0.11361609529422273,0.9886363271322631,0.28166940650095285
1994-10-01,356.02,355.84252933714686,360.1595295979915,0.11469365221468453,0.9883475252662751,0.17747066285312485
1994-11-01,357.575,357.23978654392107,360.50328623913254,0.11672235367218296,0.9915774248878813,0.33521345607891817
1994-12-01,359.06,358.78463945566625,360.80754163537745,0.11838324423586412,0.9949105177377696,0.27536054433375057
1995-01-01,359.975,360.04979971557196,360.87511881442384,0.11793327918920717,0.9975725623912065,-0.07479971557194176
1995-02-01,360.925,360.80789693322765,361.072439422215,0.11863637483113743,0.9994870949473637,0.11710306677235849
1995-03-01,361.575,361.84583929289823,361.0078927791173,0.1170140103574921,1.0018127897938987,-0.2708392928982448
1995-04-01,363.36,362.9441544556298,361.40526275364135,0.11949698919134422,1.0050377241556911,0.4158455443701996
1995-05-01,363.7,363.77923335100496,361.47140558404124,0.11902445689701259,1.0062360144012708,-0.07923335100497297
1995-06-01,363.25,363.13841204920055,361.665717415092,0.11969124120115882,1.004281036995606,0.11158795079944639
1995-07-01,361.8,361.709570328279,361.8466947741426,0.12023402306735337,0.9997903775934585,0.09042967172098315
1995-08-01,359.375,359.7215195341306,361.7306687394571,0.11814158060967672,0.9937966452610999,-0.3465195341306071
1995-09-01,358.0,357.73687881200976,362.02914504726186,0.11973871913307159,0.9886363271322631,0.26312118799023665
1995-10-01,357.85,357.92895304846036,362.0947560961848,0.11925933621765201,0.9883475252662751,-0.07895304846033468
1995-11-01,359.475,359.1632406807609,362.42705139559405,0.12114609396516943,0.9915774248878813,0.3117593192391155
1995-12-01,360.7,360.70301486923256,362.5461442266217,0.12112790919628358,0.9949105177377696,-0.003014869232572437
1996-01-01,362.025,361.78691995995695,362.8289827779274,0.12256010309577833,0.9975725623912065,0.2380800400430303
1996-02-01,363.175,362.7653832008174,363.2292331613364,0.12501947324127863,0.9994870949473637,0.40961679918262917
1996-03-01,364.06000000000006,364.0129375153233,363.38608349590527,0.12530138397278237,1.0018127897938987,0.047062484676757776
1996-04-01,364.7,365.34265496435614,363.0781178782287,0.12146414513358003,1.0050377241556911,-0.6426549643561543
1996-05-01,365.325,365.4644998473955,363.1056456075106,0.12063219517674227,1.0062360144012708,-0.13949984739548427
1996-06-01,364.88,364.7812629357369,363.2928948007302,0.12122219010196852,1.004281036995606,0.09873706426310491
1996-07-01,363.475,363.33793724905735,363.5070073413905,0.1220448755582634,0.9997903775934585,0.1370627509426754
1996-08-01,361.32,361.373332212677,363.59268984655955,0.12172283141594081,0.9937966452610999,-0.05333221267699173
1996-09-01,359.4,359.58128107502193,363.59016850950155,0.12062246017373295,0.9886363271322631,-0.1812810750219569
1996-10-01,359.625,359.47266016751803,363.8152302582556,0.12154742905655457,0.9883475252662751,0.15233983248197092
1996-11-01,360.74,360.8714928411783,363.8469240651603,0.12075163845295075,0.9915774248878813,-0.1314928411783285
1996-12-01,362.375,362.11526867409447,364.14456453827313,0.12231825835244511,0.9949105177377696,0.25973132590553405
1997-01-01,363.125,363.38264766568705,364.09188127424375,0.12076835347612931,0.9975725623912065,-0.25764766568704545
1997-02-01,363.875,364.02584311949175,364.1103890070164,0.11986268001382895,0.9994870949473637,-0.15084311949175344
1997-03-01,364.56,364.89052456991766,364.00670034199015,0.11788279255302958,1.0018127897938987,-0.33052456991765666
1997-04-01,366.325,365.95894234268104,364.37137295554186,0.12006849209315353,1.0050377241556911,0.36605765731894735
1997-05-01,366.68,366.7644153256424,364.4345978504423,0.11956505550998994,1.0062360144012708,-0.08441532564239651
1997-06-01,365.475,366.1148327642548,364.12247356697674,0.11574178927535737,1.004281036995606,-0.639832764254777
1997-07-01,364.375,364.16186286499476,364.3826629399426,0.11702109251390545,0.9997903775934585,0.21313713500524045
1997-08-01,362.46,362.23856319018614,364.65066159164803,0.11835822862575417,0.9937966452610999,0.2214368098138948
1997-09-01,360.15,360.62390400675116,364.44422138641556,0.11548164407034536,0.9886363271322631,-0.4739040067511837
1997-10-01,360.75,360.31168030198893,364.8602009152821,0.11814301027236075,0.9883475252662751,0.43831969801107107
1997-11-01,362.38,361.9042864095448,365.30341553269466,0.12102201419301861,0.9915774248878813,0.4757135904552001
1997-12-01,364.25,363.5646163538073,365.891214952529,0.12515603867069766,0.9949105177377696,0.6853836461926903
1998-01-01,365.34,365.1278890868216,366.16044267382506,0.12643201273309942,0.9975725623912065,0.2121109131784351
1998-02-01,366.2,366.0990042978171,366.3553423981012,0.12703839854361362,0.9994870949473637,0.10099570218289955
1998-03-01,367.375,367.14673631619667,366.63676766582904,0.12840572928526114,1.0018127897938987,0.22826368380333406
1998-04-01,368.525,368.6128351685931,366.70595642450576,0.12788127286763878,1.0050377241556911,-0.08783516859313067
1998-05-01,369.14,369.1214187921276,366.8463499122777,0.12799208757730365,1.0062360144012708,0.01858120787238704
1998-06-01,368.75,368.5453727343945,367.1124021523833,0.12921482038965998,1.004281036995606,0.20462726560549527
1998-07-01,367.6,367.16463490124096,367.53667318875034,0.13182799233071793,0.9997903775934585,0.43536509875906404
1998-08-01,365.72,365.3877230419351,367.89505052554813,0.13383443164014033,0.9937966452610999,0.332276958064881
1998-09-01,363.925,363.8467251026568,368.0825320327675,0.13430955815851967,0.9886363271322631,0.07827489734319215
1998-10-01,364.32,363.9262041477558,368.48681535933724,0.1367005868446869,0.9883475252662751,0.3937958522441818
1998-11-01,365.55,365.5187566950319,368.64486558084053,0.13688967035901614,0.9915774248878813,0.03124330496808625
1998-12-01,366.925,366.9048470492144,368.7954803263979,0.13701122679285874,0.9949105177377696,0.020152950785586654
1999-01-01,368.12,368.0369309480887,368.9889143836035,0.13751093684567436,0.9975725623912065,0.08306905191130909
1999-02-01,368.85,368.93709851184076,369.0673788892086,0.13698799081375848,0.9994870949473637,-0.08709851184073614
1999-03-01,369.6,369.87365678816525,369.01927824020066,0.13534874915742354,1.0018127897938987,-0.2736567881652263
1999-04-01,370.975,371.0143261709275,369.12811395653466,0.13511393589237497,1.0050377241556911,-0.03932617092749524
1999-05-01,370.84,371.56595869942396,368.77438177858966,0.13078445940958489,1.0062360144012708,-0.7259586994239271
1999-06-01,370.25,370.4844629025343,368.7469762529534,0.12938344628769943,1.004281036995606,-0.2344629025342897
1999-07-01,369.0,368.7990349490047,369.01255800190563,0.13058968958531553,0.9997903775934585,0.2009650509953076
1999-08-01,366.7,366.8532217969264,369.03867972641166,0.12966446672844287,0.9937966452610999,-0.15322179692640248
1999-09-01,364.675,364.97323589660516,368.9639429837017,0.12785418286964198,0.9886363271322631,-0.29823589660514926
1999-10-01,365.14,364.7909643256628,369.3310847968848,0.12997343909105738,0.9883475252662751,0.34903567433718763
1999-11-01,366.65,366.3492447219804,369.66657475588045,0.1317936007218151,0.9915774248878813,0.30075527801955104
1999-12-01,367.9,367.9162861202496,369.7872767687006,0.13169536782680444,0.9949105177377696,-0.016286120249617397
